timeStamp,elapsed,label,responseCode,responseMessage,threadName,dataType,success,failureMessage,bytes,sentBytes,grpThreads,allThreads,URL,Latency,IdleTime,Connect
1698513978410,155,Express Js Http Call,200,OK,Thread Group 1-16,text,true,,187215,136,31,31,http://localhost:5000/employee/all?row=500,149,0,28
1698513978409,163,Express Js Http Call,200,OK,Thread Group 1-13,text,true,,187215,136,32,32,http://localhost:5000/employee/all?row=500,159,0,29
1698513978407,188,Express Js Http Call,200,OK,Thread Group 1-1,text,true,,187215,136,34,34,http://localhost:5000/employee/all?row=500,182,0,30
1698513978568,30,Gin Gonic Http Call,200,OK,Thread Group 1-16,text,true,,181072,136,34,34,http://localhost:6000/employee/all?row=500,27,0,2
1698513978573,36,Gin Gonic Http Call,200,OK,Thread Group 1-13,text,true,,181072,136,35,35,http://localhost:6000/employee/all?row=500,32,0,2
1698513978597,28,Gin Gonic Http Call,200,OK,Thread Group 1-1,text,true,,181072,136,37,37,http://localhost:6000/employee/all?row=500,24,0,2
1698513978409,217,Express Js Http Call,200,OK,Thread Group 1-14,text,true,,187215,136,37,37,http://localhost:5000/employee/all?row=500,210,0,29
1698513978600,36,Spring Boot Http Call,200,,Thread Group 1-16,text,true,,171262,136,38,38,http://localhost:7000/employee/all?row=500,31,0,2
1698513978610,37,Spring Boot Http Call,200,,Thread Group 1-13,text,true,,171262,136,38,38,http://localhost:7000/employee/all?row=500,34,0,1
1698513978627,29,Gin Gonic Http Call,200,OK,Thread Group 1-14,text,true,,181072,136,38,38,http://localhost:6000/employee/all?row=500,23,0,2
1698513978627,34,Spring Boot Http Call,200,,Thread Group 1-1,text,true,,171262,136,39,39,http://localhost:7000/employee/all?row=500,29,0,2
1698513978408,258,Express Js Http Call,200,OK,Thread Group 1-2,text,true,,187215,136,38,38,http://localhost:5000/employee/all?row=500,253,0,29
1698513978658,27,Spring Boot Http Call,200,,Thread Group 1-14,text,true,,171262,136,40,40,http://localhost:7000/employee/all?row=500,19,0,2
1698513978419,267,Express Js Http Call,200,OK,Thread Group 1-17,text,true,,187215,136,39,39,http://localhost:5000/employee/all?row=500,259,0,19
1698513978669,24,Gin Gonic Http Call,200,OK,Thread Group 1-2,text,true,,181072,136,40,40,http://localhost:6000/employee/all?row=500,20,0,1
1698513978687,27,Gin Gonic Http Call,200,OK,Thread Group 1-17,text,true,,181072,136,42,42,http://localhost:6000/employee/all?row=500,21,0,1
1698513978429,287,Express Js Http Call,200,OK,Thread Group 1-18,text,true,,187215,136,42,42,http://localhost:5000/employee/all?row=500,280,0,9
1698513978694,45,Spring Boot Http Call,200,,Thread Group 1-2,text,true,,171262,136,45,45,http://localhost:7000/employee/all?row=500,36,0,1
1698513978409,332,Express Js Http Call,200,OK,Thread Group 1-11,text,true,,187215,136,44,44,http://localhost:5000/employee/all?row=500,323,0,29
1698513978717,39,Gin Gonic Http Call,200,OK,Thread Group 1-18,text,true,,181072,136,45,45,http://localhost:6000/employee/all?row=500,32,0,2
1698513978716,42,Spring Boot Http Call,200,,Thread Group 1-17,text,true,,171262,136,45,45,http://localhost:7000/employee/all?row=500,35,0,1
1698513978408,359,Express Js Http Call,200,OK,Thread Group 1-3,text,true,,187215,136,45,45,http://localhost:5000/employee/all?row=500,356,0,29
1698513978742,33,Gin Gonic Http Call,200,OK,Thread Group 1-11,text,true,,181072,136,46,46,http://localhost:6000/employee/all?row=500,26,0,2
1698513978409,381,Express Js Http Call,200,OK,Thread Group 1-15,text,true,,187215,136,48,48,http://localhost:5000/employee/all?row=500,376,0,29
1698513978758,34,Spring Boot Http Call,200,,Thread Group 1-18,text,true,,171262,136,48,48,http://localhost:7000/employee/all?row=500,20,0,1
1698513978770,38,Gin Gonic Http Call,200,OK,Thread Group 1-3,text,true,,181072,136,48,48,http://localhost:6000/employee/all?row=500,26,0,1
1698513978776,39,Spring Boot Http Call,200,,Thread Group 1-11,text,true,,171262,136,49,49,http://localhost:7000/employee/all?row=500,23,0,2
1698513978791,30,Gin Gonic Http Call,200,OK,Thread Group 1-15,text,true,,181072,136,49,49,http://localhost:6000/employee/all?row=500,25,0,2
1698513978409,418,Express Js Http Call,200,OK,Thread Group 1-12,text,true,,187215,136,49,49,http://localhost:5000/employee/all?row=500,409,0,29
1698513978809,32,Spring Boot Http Call,200,,Thread Group 1-3,text,true,,171262,136,51,51,http://localhost:7000/employee/all?row=500,26,0,1
1698513978828,30,Gin Gonic Http Call,200,OK,Thread Group 1-12,text,true,,181072,136,51,51,http://localhost:6000/employee/all?row=500,23,0,1
1698513978823,34,Spring Boot Http Call,200,,Thread Group 1-15,text,true,,171262,136,51,51,http://localhost:7000/employee/all?row=500,27,0,2
1698513978441,418,Express Js Http Call,200,OK,Thread Group 1-19,text,true,,187215,136,51,51,http://localhost:5000/employee/all?row=500,412,0,4
1698513978859,28,Spring Boot Http Call,200,,Thread Group 1-12,text,true,,171262,136,53,53,http://localhost:7000/employee/all?row=500,24,0,1
1698513978860,32,Gin Gonic Http Call,200,OK,Thread Group 1-19,text,true,,181072,136,53,53,http://localhost:6000/employee/all?row=500,27,0,2
1698513978450,453,Express Js Http Call,200,OK,Thread Group 1-20,text,true,,187215,136,54,54,http://localhost:5000/employee/all?row=500,449,0,2
1698513978893,21,Spring Boot Http Call,200,,Thread Group 1-19,text,true,,171262,136,55,55,http://localhost:7000/employee/all?row=500,17,0,1
1698513978459,464,Express Js Http Call,200,OK,Thread Group 1-21,text,true,,187215,136,55,55,http://localhost:5000/employee/all?row=500,458,0,2
1698513978905,28,Gin Gonic Http Call,200,OK,Thread Group 1-20,text,true,,181072,136,56,56,http://localhost:6000/employee/all?row=500,23,0,1
1698513978925,27,Gin Gonic Http Call,200,OK,Thread Group 1-21,text,true,,181072,136,58,58,http://localhost:6000/employee/all?row=500,23,0,1
1698513978470,483,Express Js Http Call,200,OK,Thread Group 1-22,text,true,,187215,136,58,58,http://localhost:5000/employee/all?row=500,479,0,2
1698513978934,23,Spring Boot Http Call,200,,Thread Group 1-20,text,true,,171262,136,58,58,http://localhost:7000/employee/all?row=500,20,0,1
1698513978480,490,Express Js Http Call,200,OK,Thread Group 1-23,text,true,,187215,136,59,59,http://localhost:5000/employee/all?row=500,486,0,2
1698513978953,33,Spring Boot Http Call,200,,Thread Group 1-21,text,true,,171262,136,60,60,http://localhost:7000/employee/all?row=500,27,0,1
1698513978954,34,Gin Gonic Http Call,200,OK,Thread Group 1-22,text,true,,181072,136,59,59,http://localhost:6000/employee/all?row=500,25,0,1
1698513978971,22,Gin Gonic Http Call,200,OK,Thread Group 1-23,text,true,,181072,136,60,60,http://localhost:6000/employee/all?row=500,19,0,1
1698513978491,520,Express Js Http Call,200,OK,Thread Group 1-24,text,true,,187215,136,62,62,http://localhost:5000/employee/all?row=500,514,0,1
1698513978989,22,Spring Boot Http Call,200,,Thread Group 1-22,text,true,,171262,136,62,62,http://localhost:7000/employee/all?row=500,19,0,1
1698513978994,23,Spring Boot Http Call,200,,Thread Group 1-23,text,true,,171262,136,61,61,http://localhost:7000/employee/all?row=500,20,0,1
1698513978505,521,Express Js Http Call,200,OK,Thread Group 1-25,text,true,,187215,136,61,61,http://localhost:5000/employee/all?row=500,518,0,1
1698513979012,25,Gin Gonic Http Call,200,OK,Thread Group 1-24,text,true,,181072,136,62,62,http://localhost:6000/employee/all?row=500,20,0,2
1698513978408,636,Express Js Http Call,200,OK,Thread Group 1-9,text,true,,187215,136,63,63,http://localhost:5000/employee/all?row=500,631,0,29
1698513979028,21,Gin Gonic Http Call,200,OK,Thread Group 1-25,text,true,,181072,136,63,63,http://localhost:6000/employee/all?row=500,17,0,1
1698513978408,653,Express Js Http Call,200,OK,Thread Group 1-7,text,true,,187215,136,65,65,http://localhost:5000/employee/all?row=500,648,0,29
1698513979038,32,Spring Boot Http Call,200,,Thread Group 1-24,text,true,,171262,136,65,65,http://localhost:7000/employee/all?row=500,22,0,2
1698513979046,32,Gin Gonic Http Call,200,OK,Thread Group 1-9,text,true,,181072,136,65,65,http://localhost:6000/employee/all?row=500,23,0,1
1698513979051,37,Spring Boot Http Call,200,,Thread Group 1-25,text,true,,171262,136,66,66,http://localhost:7000/employee/all?row=500,27,0,1
1698513978408,679,Express Js Http Call,200,OK,Thread Group 1-4,text,true,,187215,136,66,66,http://localhost:5000/employee/all?row=500,667,0,29
1698513979063,30,Gin Gonic Http Call,200,OK,Thread Group 1-7,text,true,,181072,136,66,66,http://localhost:6000/employee/all?row=500,25,0,2
1698513978409,686,Express Js Http Call,200,OK,Thread Group 1-10,text,true,,187215,136,66,66,http://localhost:5000/employee/all?row=500,683,0,29
1698513978408,696,Express Js Http Call,200,OK,Thread Group 1-8,text,true,,187215,136,67,67,http://localhost:5000/employee/all?row=500,691,0,29
1698513978408,717,Express Js Http Call,200,OK,Thread Group 1-5,text,true,,187215,136,69,69,http://localhost:5000/employee/all?row=500,704,0,29
1698513979089,44,Gin Gonic Http Call,200,OK,Thread Group 1-4,text,true,,181072,136,70,70,http://localhost:6000/employee/all?row=500,37,0,2
1698513979079,56,Spring Boot Http Call,200,,Thread Group 1-9,text,true,,171262,136,70,70,http://localhost:7000/employee/all?row=500,48,0,1
1698513978511,637,Express Js Http Call,200,OK,Thread Group 1-26,text,true,,187215,136,71,71,http://localhost:5000/employee/all?row=500,630,0,2
1698513979094,56,Spring Boot Http Call,200,,Thread Group 1-7,text,true,,171262,136,71,71,http://localhost:7000/employee/all?row=500,49,0,1
1698513979096,54,Gin Gonic Http Call,200,OK,Thread Group 1-10,text,true,,181072,136,71,71,http://localhost:6000/employee/all?row=500,47,0,1
1698513979127,31,Gin Gonic Http Call,200,OK,Thread Group 1-5,text,true,,181072,136,70,70,http://localhost:6000/employee/all?row=500,23,0,1
1698513978521,652,Express Js Http Call,200,OK,Thread Group 1-27,text,true,,187215,136,72,72,http://localhost:5000/employee/all?row=500,640,0,3
1698513979134,39,Spring Boot Http Call,200,,Thread Group 1-4,text,true,,171262,136,72,72,http://localhost:7000/employee/all?row=500,31,0,2
1698513979151,30,Spring Boot Http Call,200,,Thread Group 1-10,text,true,,171262,136,72,72,http://localhost:7000/employee/all?row=500,25,0,1
1698513979150,36,Gin Gonic Http Call,200,OK,Thread Group 1-26,text,true,,181072,136,71,71,http://localhost:6000/employee/all?row=500,30,0,1
1698513979159,28,Spring Boot Http Call,200,,Thread Group 1-5,text,true,,171262,136,71,71,http://localhost:7000/employee/all?row=500,21,0,1
1698513978531,673,Express Js Http Call,200,OK,Thread Group 1-28,text,true,,187215,136,72,72,http://localhost:5000/employee/all?row=500,666,0,3
1698513979174,31,Gin Gonic Http Call,200,OK,Thread Group 1-27,text,true,,181072,136,72,72,http://localhost:6000/employee/all?row=500,27,0,1
1698513979187,24,Spring Boot Http Call,200,,Thread Group 1-26,text,true,,171262,136,73,73,http://localhost:7000/employee/all?row=500,20,0,1
1698513978540,690,Express Js Http Call,200,OK,Thread Group 1-29,text,true,,187215,136,74,74,http://localhost:5000/employee/all?row=500,683,0,1
1698513979205,27,Gin Gonic Http Call,200,OK,Thread Group 1-28,text,true,,181072,136,74,74,http://localhost:6000/employee/all?row=500,23,0,2
1698513979107,134,Gin Gonic Http Call,200,OK,Thread Group 1-8,text,true,,181072,136,75,75,http://localhost:6000/employee/all?row=500,128,0,1
1698513979207,38,Spring Boot Http Call,200,,Thread Group 1-27,text,true,,171262,136,75,75,http://localhost:7000/employee/all?row=500,29,0,2
1698513978550,701,Express Js Http Call,200,OK,Thread Group 1-30,text,true,,187215,136,75,75,http://localhost:5000/employee/all?row=500,693,0,2
1698513978559,711,Express Js Http Call,200,OK,Thread Group 1-31,text,true,,187215,136,75,75,http://localhost:5000/employee/all?row=500,698,0,1
1698513979231,42,Gin Gonic Http Call,200,OK,Thread Group 1-29,text,true,,181072,136,75,75,http://localhost:6000/employee/all?row=500,29,0,2
1698513979234,41,Spring Boot Http Call,200,,Thread Group 1-28,text,true,,171262,136,75,75,http://localhost:7000/employee/all?row=500,36,0,1
1698513979242,35,Spring Boot Http Call,200,,Thread Group 1-8,text,true,,171262,136,74,74,http://localhost:7000/employee/all?row=500,29,0,2
1698513978570,712,Express Js Http Call,200,OK,Thread Group 1-32,text,true,,187215,136,73,73,http://localhost:5000/employee/all?row=500,706,0,2
1698513979252,31,Gin Gonic Http Call,200,OK,Thread Group 1-30,text,true,,181072,136,73,73,http://localhost:6000/employee/all?row=500,25,0,1
1698513978581,715,Express Js Http Call,200,OK,Thread Group 1-33,text,true,,187215,136,73,73,http://localhost:5000/employee/all?row=500,711,0,2
1698513979271,27,Gin Gonic Http Call,200,OK,Thread Group 1-31,text,true,,181072,136,73,73,http://localhost:6000/employee/all?row=500,22,0,2
1698513979284,33,Gin Gonic Http Call,200,OK,Thread Group 1-32,text,true,,181072,136,73,73,http://localhost:6000/employee/all?row=500,28,0,1
1698513979284,39,Spring Boot Http Call,200,,Thread Group 1-30,text,true,,171262,136,73,73,http://localhost:7000/employee/all?row=500,32,0,1
1698513979275,49,Spring Boot Http Call,200,,Thread Group 1-29,text,true,,171262,136,72,72,http://localhost:7000/employee/all?row=500,45,0,1
1698513978590,745,Express Js Http Call,200,OK,Thread Group 1-34,text,true,,187215,136,71,71,http://localhost:5000/employee/all?row=500,738,0,1
1698513979299,36,Spring Boot Http Call,200,,Thread Group 1-31,text,true,,171262,136,71,71,http://localhost:7000/employee/all?row=500,30,0,1
1698513979298,40,Gin Gonic Http Call,200,OK,Thread Group 1-33,text,true,,181072,136,70,70,http://localhost:6000/employee/all?row=500,34,0,1
1698513979318,27,Spring Boot Http Call,200,,Thread Group 1-32,text,true,,171262,136,70,70,http://localhost:7000/employee/all?row=500,23,0,1
1698513978601,759,Express Js Http Call,200,OK,Thread Group 1-35,text,true,,187215,136,69,69,http://localhost:5000/employee/all?row=500,746,0,2
1698513979337,24,Gin Gonic Http Call,200,OK,Thread Group 1-34,text,true,,181072,136,69,69,http://localhost:6000/employee/all?row=500,20,0,1
1698513979339,27,Spring Boot Http Call,200,,Thread Group 1-33,text,true,,171262,136,69,69,http://localhost:7000/employee/all?row=500,22,0,2
1698513978611,773,Express Js Http Call,200,OK,Thread Group 1-36,text,true,,187215,136,68,68,http://localhost:5000/employee/all?row=500,768,0,2
1698513979363,21,Spring Boot Http Call,200,,Thread Group 1-34,text,true,,171262,136,68,68,http://localhost:7000/employee/all?row=500,17,0,1
1698513979361,23,Gin Gonic Http Call,200,OK,Thread Group 1-35,text,true,,181072,136,68,68,http://localhost:6000/employee/all?row=500,18,0,1
1698513978620,775,Express Js Http Call,200,OK,Thread Group 1-37,text,true,,187215,136,67,67,http://localhost:5000/employee/all?row=500,770,0,2
1698513978634,779,Express Js Http Call,200,OK,Thread Group 1-38,text,true,,187215,136,67,67,http://localhost:5000/employee/all?row=500,773,0,2
1698513979385,29,Gin Gonic Http Call,200,OK,Thread Group 1-36,text,true,,181072,136,67,67,http://localhost:6000/employee/all?row=500,25,0,1
1698513979385,30,Spring Boot Http Call,200,,Thread Group 1-35,text,true,,171262,136,67,67,http://localhost:7000/employee/all?row=500,25,0,1
1698513979397,27,Gin Gonic Http Call,200,OK,Thread Group 1-37,text,true,,181072,136,66,66,http://localhost:6000/employee/all?row=500,21,0,1
1698513978640,790,Express Js Http Call,200,OK,Thread Group 1-39,text,true,,187215,136,66,66,http://localhost:5000/employee/all?row=500,784,0,1
1698513979414,30,Gin Gonic Http Call,200,OK,Thread Group 1-38,text,true,,181072,136,66,66,http://localhost:6000/employee/all?row=500,22,0,1
1698513979415,32,Spring Boot Http Call,200,,Thread Group 1-36,text,true,,171262,136,66,66,http://localhost:7000/employee/all?row=500,22,0,2
1698513978650,798,Express Js Http Call,200,OK,Thread Group 1-40,text,true,,187215,136,66,66,http://localhost:5000/employee/all?row=500,791,0,2
1698513979426,27,Spring Boot Http Call,200,,Thread Group 1-37,text,true,,171262,136,65,65,http://localhost:7000/employee/all?row=500,22,0,1
1698513978660,801,Express Js Http Call,200,OK,Thread Group 1-41,text,true,,187215,136,64,64,http://localhost:5000/employee/all?row=500,797,0,1
1698513979431,34,Gin Gonic Http Call,200,OK,Thread Group 1-39,text,true,,181072,136,64,64,http://localhost:6000/employee/all?row=500,29,0,2
1698513978408,1064,Express Js Http Call,200,OK,Thread Group 1-6,text,true,,187215,136,64,64,http://localhost:5000/employee/all?row=500,1057,0,29
1698513979446,33,Spring Boot Http Call,200,,Thread Group 1-38,text,true,,171262,136,64,64,http://localhost:7000/employee/all?row=500,25,0,1
1698513979449,31,Gin Gonic Http Call,200,OK,Thread Group 1-40,text,true,,181072,136,64,64,http://localhost:6000/employee/all?row=500,24,0,2
1698513979466,33,Spring Boot Http Call,200,,Thread Group 1-39,text,true,,171262,136,63,63,http://localhost:7000/employee/all?row=500,27,0,2
1698513979463,37,Gin Gonic Http Call,200,OK,Thread Group 1-41,text,true,,181072,136,63,63,http://localhost:6000/employee/all?row=500,24,0,1
1698513978669,836,Express Js Http Call,200,OK,Thread Group 1-42,text,true,,187215,136,62,62,http://localhost:5000/employee/all?row=500,828,0,2
1698513979482,30,Spring Boot Http Call,200,,Thread Group 1-40,text,true,,171262,136,62,62,http://localhost:7000/employee/all?row=500,23,0,1
1698513979474,39,Gin Gonic Http Call,200,OK,Thread Group 1-6,text,true,,181072,136,62,62,http://localhost:6000/employee/all?row=500,32,0,2
1698513978680,843,Express Js Http Call,200,OK,Thread Group 1-43,text,true,,187215,136,61,61,http://localhost:5000/employee/all?row=500,839,0,2
1698513979501,33,Spring Boot Http Call,200,,Thread Group 1-41,text,true,,171262,136,61,61,http://localhost:7000/employee/all?row=500,27,0,1
1698513979507,29,Gin Gonic Http Call,200,OK,Thread Group 1-42,text,true,,181072,136,60,60,http://localhost:6000/employee/all?row=500,24,0,2
1698513978689,858,Express Js Http Call,200,OK,Thread Group 1-44,text,true,,187215,136,60,60,http://localhost:5000/employee/all?row=500,852,0,2
1698513979524,28,Gin Gonic Http Call,200,OK,Thread Group 1-43,text,true,,181072,136,60,60,http://localhost:6000/employee/all?row=500,23,0,1
1698513979514,39,Spring Boot Http Call,200,,Thread Group 1-6,text,true,,171262,136,60,60,http://localhost:7000/employee/all?row=500,32,0,2
1698513979537,25,Spring Boot Http Call,200,,Thread Group 1-42,text,true,,171262,136,59,59,http://localhost:7000/employee/all?row=500,20,0,2
1698513978702,860,Express Js Http Call,200,OK,Thread Group 1-45,text,true,,187215,136,58,58,http://localhost:5000/employee/all?row=500,853,0,2
1698513979548,24,Gin Gonic Http Call,200,OK,Thread Group 1-44,text,true,,181072,136,58,58,http://localhost:6000/employee/all?row=500,19,0,2
1698513978710,867,Express Js Http Call,200,OK,Thread Group 1-46,text,true,,187215,136,58,58,http://localhost:5000/employee/all?row=500,861,0,2
1698513979554,34,Spring Boot Http Call,200,,Thread Group 1-43,text,true,,171262,136,58,58,http://localhost:7000/employee/all?row=500,29,0,1
1698513979563,26,Gin Gonic Http Call,200,OK,Thread Group 1-45,text,true,,181072,136,57,57,http://localhost:6000/employee/all?row=500,22,0,1
1698513978722,874,Express Js Http Call,200,OK,Thread Group 1-47,text,true,,187215,136,57,57,http://localhost:5000/employee/all?row=500,866,0,2
1698513979573,30,Spring Boot Http Call,200,,Thread Group 1-44,text,true,,171262,136,57,57,http://localhost:7000/employee/all?row=500,21,0,1
1698513979578,28,Gin Gonic Http Call,200,OK,Thread Group 1-46,text,true,,181072,136,56,56,http://localhost:6000/employee/all?row=500,24,0,1
1698513978732,882,Express Js Http Call,200,OK,Thread Group 1-48,text,true,,187215,136,56,56,http://localhost:5000/employee/all?row=500,877,0,2
1698513979591,28,Spring Boot Http Call,200,,Thread Group 1-45,text,true,,171262,136,56,56,http://localhost:7000/employee/all?row=500,24,0,1
1698513979597,34,Gin Gonic Http Call,200,OK,Thread Group 1-47,text,true,,181072,136,55,55,http://localhost:6000/employee/all?row=500,29,0,2
1698513978739,893,Express Js Http Call,200,OK,Thread Group 1-49,text,true,,187215,136,55,55,http://localhost:5000/employee/all?row=500,890,0,2
1698513979615,35,Gin Gonic Http Call,200,OK,Thread Group 1-48,text,true,,181072,136,55,55,http://localhost:6000/employee/all?row=500,27,0,2
1698513979608,43,Spring Boot Http Call,200,,Thread Group 1-46,text,true,,171262,136,55,55,http://localhost:7000/employee/all?row=500,36,0,2
1698513978751,904,Express Js Http Call,200,OK,Thread Group 1-50,text,true,,187215,136,54,54,http://localhost:5000/employee/all?row=500,899,0,3
1698513979633,31,Spring Boot Http Call,200,,Thread Group 1-47,text,true,,171262,136,54,54,http://localhost:7000/employee/all?row=500,24,0,1
1698513979633,37,Gin Gonic Http Call,200,OK,Thread Group 1-49,text,true,,181072,136,53,53,http://localhost:6000/employee/all?row=500,28,0,1
1698513979651,25,Spring Boot Http Call,200,,Thread Group 1-48,text,true,,171262,136,53,53,http://localhost:7000/employee/all?row=500,19,0,1
1698513979656,26,Gin Gonic Http Call,200,OK,Thread Group 1-50,text,true,,181072,136,52,52,http://localhost:6000/employee/all?row=500,22,0,1
1698513978763,923,Express Js Http Call,200,OK,Thread Group 1-51,text,true,,187215,136,52,52,http://localhost:5000/employee/all?row=500,918,0,2
1698513979671,21,Spring Boot Http Call,200,,Thread Group 1-49,text,true,,171262,136,52,52,http://localhost:7000/employee/all?row=500,17,0,2
1698513978772,932,Express Js Http Call,200,OK,Thread Group 1-52,text,true,,187215,136,51,51,http://localhost:5000/employee/all?row=500,928,0,2
1698513979683,27,Spring Boot Http Call,200,,Thread Group 1-50,text,true,,171262,136,51,51,http://localhost:7000/employee/all?row=500,22,0,2
1698513979687,26,Gin Gonic Http Call,200,OK,Thread Group 1-51,text,true,,181072,136,50,50,http://localhost:6000/employee/all?row=500,21,0,1
1698513978780,941,Express Js Http Call,200,OK,Thread Group 1-53,text,true,,187215,136,50,50,http://localhost:5000/employee/all?row=500,937,0,3
1698513979706,26,Gin Gonic Http Call,200,OK,Thread Group 1-52,text,true,,181072,136,50,50,http://localhost:6000/employee/all?row=500,21,0,2
1698513978790,951,Express Js Http Call,200,OK,Thread Group 1-54,text,true,,187215,136,50,50,http://localhost:5000/employee/all?row=500,946,0,2
1698513979714,37,Spring Boot Http Call,200,,Thread Group 1-51,text,true,,171262,136,50,50,http://localhost:7000/employee/all?row=500,27,0,2
1698513979722,31,Gin Gonic Http Call,200,OK,Thread Group 1-53,text,true,,181072,136,49,49,http://localhost:6000/employee/all?row=500,22,0,1
1698513978800,966,Express Js Http Call,200,OK,Thread Group 1-55,text,true,,187215,136,49,49,http://localhost:5000/employee/all?row=500,958,0,2
1698513979733,34,Spring Boot Http Call,200,,Thread Group 1-52,text,true,,171262,136,49,49,http://localhost:7000/employee/all?row=500,27,0,1
1698513979743,31,Gin Gonic Http Call,200,OK,Thread Group 1-54,text,true,,181072,136,48,48,http://localhost:6000/employee/all?row=500,27,0,1
1698513979754,35,Spring Boot Http Call,200,,Thread Group 1-53,text,true,,171262,136,48,48,http://localhost:7000/employee/all?row=500,23,0,2
1698513979767,34,Gin Gonic Http Call,200,OK,Thread Group 1-55,text,true,,181072,136,47,47,http://localhost:6000/employee/all?row=500,28,0,1
1698513978812,991,Express Js Http Call,200,OK,Thread Group 1-56,text,true,,187215,136,47,47,http://localhost:5000/employee/all?row=500,987,0,1
1698513979775,34,Spring Boot Http Call,200,,Thread Group 1-54,text,true,,171262,136,47,47,http://localhost:7000/employee/all?row=500,29,0,2
1698513978820,994,Express Js Http Call,200,OK,Thread Group 1-57,text,true,,187215,136,46,46,http://localhost:5000/employee/all?row=500,990,0,2
1698513979804,29,Gin Gonic Http Call,200,OK,Thread Group 1-56,text,true,,181072,136,46,46,http://localhost:6000/employee/all?row=500,25,0,2
1698513979802,34,Spring Boot Http Call,200,,Thread Group 1-55,text,true,,171262,136,46,46,http://localhost:7000/employee/all?row=500,27,0,1
1698513978830,1010,Express Js Http Call,200,OK,Thread Group 1-58,text,true,,187215,136,45,45,http://localhost:5000/employee/all?row=500,1006,0,1
1698513979815,31,Gin Gonic Http Call,200,OK,Thread Group 1-57,text,true,,181072,136,45,45,http://localhost:6000/employee/all?row=500,27,0,2
1698513978841,1019,Express Js Http Call,200,OK,Thread Group 1-59,text,true,,187215,136,45,45,http://localhost:5000/employee/all?row=500,1014,0,2
1698513979834,41,Spring Boot Http Call,200,,Thread Group 1-56,text,true,,171262,136,45,45,http://localhost:7000/employee/all?row=500,27,0,2
1698513979841,38,Gin Gonic Http Call,200,OK,Thread Group 1-58,text,true,,181072,136,44,44,http://localhost:6000/employee/all?row=500,32,0,2
1698513979848,32,Spring Boot Http Call,200,,Thread Group 1-57,text,true,,171262,136,44,44,http://localhost:7000/employee/all?row=500,26,0,1
1698513978851,1029,Express Js Http Call,200,OK,Thread Group 1-60,text,true,,187215,136,44,44,http://localhost:5000/employee/all?row=500,1024,0,2
1698513979861,26,Gin Gonic Http Call,200,OK,Thread Group 1-59,text,true,,181072,136,43,43,http://localhost:6000/employee/all?row=500,19,0,2
1698513978860,1043,Express Js Http Call,200,OK,Thread Group 1-61,text,true,,187215,136,43,43,http://localhost:5000/employee/all?row=500,1031,0,2
1698513979881,33,Spring Boot Http Call,200,,Thread Group 1-58,text,true,,171262,136,43,43,http://localhost:7000/employee/all?row=500,29,0,1
1698513979888,27,Spring Boot Http Call,200,,Thread Group 1-59,text,true,,171262,136,42,42,http://localhost:7000/employee/all?row=500,23,0,1
1698513979881,41,Gin Gonic Http Call,200,OK,Thread Group 1-60,text,true,,181072,136,41,41,http://localhost:6000/employee/all?row=500,33,0,1
1698513979904,24,Gin Gonic Http Call,200,OK,Thread Group 1-61,text,true,,181072,136,41,41,http://localhost:6000/employee/all?row=500,19,0,1
1698513978870,1062,Express Js Http Call,200,OK,Thread Group 1-62,text,true,,187215,136,41,41,http://localhost:5000/employee/all?row=500,1058,0,2
1698513978881,1067,Express Js Http Call,200,OK,Thread Group 1-63,text,true,,187215,136,41,41,http://localhost:5000/employee/all?row=500,1063,0,1
1698513978891,1084,Express Js Http Call,200,OK,Thread Group 1-64,text,true,,187215,136,41,41,http://localhost:5000/employee/all?row=500,1071,0,1
1698513979929,46,Spring Boot Http Call,200,,Thread Group 1-61,text,true,,171262,136,41,41,http://localhost:7000/employee/all?row=500,41,0,1
1698513979923,52,Spring Boot Http Call,200,,Thread Group 1-60,text,true,,171262,136,41,41,http://localhost:7000/employee/all?row=500,41,0,2
1698513979933,45,Gin Gonic Http Call,200,OK,Thread Group 1-62,text,true,,181072,136,39,39,http://localhost:6000/employee/all?row=500,36,0,1
1698513978901,1081,Express Js Http Call,200,OK,Thread Group 1-65,text,true,,187215,136,39,39,http://localhost:5000/employee/all?row=500,1072,0,2
1698513979949,35,Gin Gonic Http Call,200,OK,Thread Group 1-63,text,true,,181072,136,39,39,http://localhost:6000/employee/all?row=500,27,0,2
1698513978912,1090,Express Js Http Call,200,OK,Thread Group 1-66,text,true,,187215,136,39,39,http://localhost:5000/employee/all?row=500,1076,0,2
1698513979976,38,Gin Gonic Http Call,200,OK,Thread Group 1-64,text,true,,181072,136,39,39,http://localhost:6000/employee/all?row=500,29,0,1
1698513979979,35,Spring Boot Http Call,200,,Thread Group 1-62,text,true,,171262,136,39,39,http://localhost:7000/employee/all?row=500,29,0,1
1698513978920,1097,Express Js Http Call,200,OK,Thread Group 1-67,text,true,,187215,136,38,38,http://localhost:5000/employee/all?row=500,1088,0,2
1698513978931,1105,Express Js Http Call,200,OK,Thread Group 1-68,text,true,,187215,136,38,38,http://localhost:5000/employee/all?row=500,1094,0,2
1698513979986,70,Spring Boot Http Call,200,,Thread Group 1-63,text,true,,171262,136,38,38,http://localhost:7000/employee/all?row=500,50,0,1
1698513978940,1132,Express Js Http Call,200,OK,Thread Group 1-69,text,true,,187215,136,37,37,http://localhost:5000/employee/all?row=500,1104,0,2
1698513979983,91,Gin Gonic Http Call,200,OK,Thread Group 1-65,text,true,,181072,136,37,37,http://localhost:6000/employee/all?row=500,64,0,1
1698513980003,83,Gin Gonic Http Call,200,OK,Thread Group 1-66,text,true,,181072,136,37,37,http://localhost:6000/employee/all?row=500,65,0,1
1698513980015,72,Spring Boot Http Call,200,,Thread Group 1-64,text,true,,171262,136,37,37,http://localhost:7000/employee/all?row=500,55,0,2
1698513978950,1139,Express Js Http Call,200,OK,Thread Group 1-70,text,true,,187215,136,37,37,http://localhost:5000/employee/all?row=500,1106,0,2
1698513978961,1133,Express Js Http Call,200,OK,Thread Group 1-71,text,true,,187215,136,36,36,http://localhost:5000/employee/all?row=500,1120,0,2
1698513980038,57,Gin Gonic Http Call,200,OK,Thread Group 1-68,text,true,,181072,136,36,36,http://localhost:6000/employee/all?row=500,37,0,1
1698513978970,1149,Express Js Http Call,200,OK,Thread Group 1-72,text,true,,187215,136,36,36,http://localhost:5000/employee/all?row=500,1124,0,2
1698513978981,1156,Express Js Http Call,200,OK,Thread Group 1-73,text,true,,187215,136,36,36,http://localhost:5000/employee/all?row=500,1130,0,1
1698513978989,1163,Express Js Http Call,200,OK,Thread Group 1-74,text,true,,187215,136,36,36,http://localhost:5000/employee/all?row=500,1136,0,1
1698513980076,84,Spring Boot Http Call,200,,Thread Group 1-65,text,true,,171262,136,36,36,http://localhost:7000/employee/all?row=500,64,0,2
1698513980096,65,Spring Boot Http Call,200,,Thread Group 1-68,text,true,,171262,136,36,36,http://localhost:7000/employee/all?row=500,41,0,1
1698513980087,80,Spring Boot Http Call,200,,Thread Group 1-66,text,true,,171262,136,34,34,http://localhost:7000/employee/all?row=500,36,0,2
1698513980073,98,Gin Gonic Http Call,200,OK,Thread Group 1-69,text,true,,181072,136,33,33,http://localhost:6000/employee/all?row=500,76,0,1
1698513980090,84,Gin Gonic Http Call,200,OK,Thread Group 1-70,text,true,,181072,136,33,33,http://localhost:6000/employee/all?row=500,74,0,2
1698513978999,1180,Express Js Http Call,200,OK,Thread Group 1-75,text,true,,187215,136,33,33,http://localhost:5000/employee/all?row=500,1165,0,2
1698513979010,1169,Express Js Http Call,200,OK,Thread Group 1-76,text,true,,187215,136,33,33,http://localhost:5000/employee/all?row=500,1161,0,2
1698513979029,1203,Express Js Http Call,200,OK,Thread Group 1-78,text,true,,187215,136,33,33,http://localhost:5000/employee/all?row=500,1162,0,2
1698513980153,84,Gin Gonic Http Call,200,OK,Thread Group 1-74,text,true,,181072,136,33,33,http://localhost:6000/employee/all?row=500,45,0,2
1698513980175,79,Spring Boot Http Call,200,,Thread Group 1-70,text,true,,171262,136,33,33,http://localhost:7000/employee/all?row=500,61,0,2
1698513980139,116,Gin Gonic Http Call,200,OK,Thread Group 1-73,text,true,,181072,136,32,32,http://localhost:6000/employee/all?row=500,92,0,1
1698513980019,239,Gin Gonic Http Call,200,OK,Thread Group 1-67,text,true,,181072,136,32,32,http://localhost:6000/employee/all?row=500,211,0,2
1698513979040,1218,Express Js Http Call,200,OK,Thread Group 1-79,text,true,,187215,136,32,32,http://localhost:5000/employee/all?row=500,1190,0,1
1698513979061,1199,Express Js Http Call,200,OK,Thread Group 1-81,text,true,,187215,136,32,32,http://localhost:5000/employee/all?row=500,1172,0,2
1698513979051,1222,Express Js Http Call,200,OK,Thread Group 1-80,text,true,,187215,136,32,32,http://localhost:5000/employee/all?row=500,1182,0,1
1698513980173,101,Spring Boot Http Call,200,,Thread Group 1-69,text,true,,171262,136,32,32,http://localhost:7000/employee/all?row=500,60,0,2
1698513979072,1208,Express Js Http Call,200,OK,Thread Group 1-82,text,true,,187215,136,31,31,http://localhost:5000/employee/all?row=500,1182,0,2
1698513979082,1205,Express Js Http Call,200,OK,Thread Group 1-83,text,true,,187215,136,31,31,http://localhost:5000/employee/all?row=500,1189,0,2
1698513979089,1203,Express Js Http Call,200,OK,Thread Group 1-84,text,true,,187215,136,31,31,http://localhost:5000/employee/all?row=500,1191,0,3
1698513980233,71,Gin Gonic Http Call,200,OK,Thread Group 1-78,text,true,,181072,136,31,31,http://localhost:6000/employee/all?row=500,56,0,1
1698513980096,234,Gin Gonic Http Call,200,OK,Thread Group 1-71,text,true,,181072,136,31,31,http://localhost:6000/employee/all?row=500,195,0,1
1698513980120,235,Gin Gonic Http Call,200,OK,Thread Group 1-72,text,true,,181072,136,31,31,http://localhost:6000/employee/all?row=500,208,0,2
1698513979021,1341,Express Js Http Call,200,OK,Thread Group 1-77,text,true,,187215,136,31,31,http://localhost:5000/employee/all?row=500,1282,0,2
1698513980262,100,Gin Gonic Http Call,200,OK,Thread Group 1-81,text,true,,181072,136,31,31,http://localhost:6000/employee/all?row=500,70,0,1
1698513980239,133,Spring Boot Http Call,200,,Thread Group 1-74,text,true,,171262,136,31,31,http://localhost:7000/employee/all?row=500,91,0,1
1698513980259,117,Spring Boot Http Call,200,,Thread Group 1-67,text,true,,171262,136,30,30,http://localhost:7000/employee/all?row=500,73,0,1
1698513980259,121,Gin Gonic Http Call,200,OK,Thread Group 1-79,text,true,,181072,136,29,29,http://localhost:6000/employee/all?row=500,75,0,1
1698513980257,133,Spring Boot Http Call,200,,Thread Group 1-73,text,true,,171262,136,29,29,http://localhost:7000/employee/all?row=500,76,0,1
1698513979112,1280,Express Js Http Call,200,OK,Thread Group 1-86,text,true,,187215,136,28,28,http://localhost:5000/employee/all?row=500,1223,0,2
1698513979119,1279,Express Js Http Call,200,OK,Thread Group 1-87,text,true,,187215,136,28,28,http://localhost:5000/employee/all?row=500,1244,0,2
1698513980305,97,Spring Boot Http Call,200,,Thread Group 1-78,text,true,,171262,136,28,28,http://localhost:7000/employee/all?row=500,83,0,2
1698513980331,76,Spring Boot Http Call,200,,Thread Group 1-71,text,true,,171262,136,27,27,http://localhost:7000/employee/all?row=500,58,0,1
1698513980288,120,Gin Gonic Http Call,200,OK,Thread Group 1-83,text,true,,181072,136,26,26,http://localhost:6000/employee/all?row=500,93,0,2
1698513980293,116,Gin Gonic Http Call,200,OK,Thread Group 1-84,text,true,,181072,136,26,26,http://localhost:6000/employee/all?row=500,88,0,2
1698513979131,1279,Express Js Http Call,200,OK,Thread Group 1-88,text,true,,187215,136,26,26,http://localhost:5000/employee/all?row=500,1259,0,2
1698513980180,243,Gin Gonic Http Call,200,OK,Thread Group 1-75,text,true,,181072,136,26,26,http://localhost:6000/employee/all?row=500,233,0,1
1698513980180,251,Gin Gonic Http Call,200,OK,Thread Group 1-76,text,true,,181072,136,26,26,http://localhost:6000/employee/all?row=500,238,0,1
1698513979140,1301,Express Js Http Call,200,OK,Thread Group 1-89,text,true,,187215,136,26,26,http://localhost:5000/employee/all?row=500,1285,0,2
1698513979150,1304,Express Js Http Call,200,OK,Thread Group 1-90,text,true,,187215,136,26,26,http://localhost:5000/employee/all?row=500,1281,0,1
1698513980357,98,Spring Boot Http Call,200,,Thread Group 1-72,text,true,,171262,136,26,26,http://localhost:7000/employee/all?row=500,76,0,1
1698513980363,102,Spring Boot Http Call,200,,Thread Group 1-81,text,true,,171262,136,25,25,http://localhost:7000/employee/all?row=500,83,0,2
1698513980381,88,Spring Boot Http Call,200,,Thread Group 1-79,text,true,,171262,136,24,24,http://localhost:7000/employee/all?row=500,65,0,2
1698513980393,79,Gin Gonic Http Call,200,OK,Thread Group 1-86,text,true,,181072,136,23,23,http://localhost:6000/employee/all?row=500,60,0,2
1698513979159,1314,Express Js Http Call,200,OK,Thread Group 1-91,text,true,,187215,136,23,23,http://localhost:5000/employee/all?row=500,1290,0,2
1698513980363,120,Gin Gonic Http Call,200,OK,Thread Group 1-77,text,true,,181072,136,23,23,http://localhost:6000/employee/all?row=500,90,0,2
1698513980409,75,Spring Boot Http Call,200,,Thread Group 1-83,text,true,,171262,136,23,23,http://localhost:7000/employee/all?row=500,61,0,2
1698513979169,1315,Express Js Http Call,200,OK,Thread Group 1-92,text,true,,187215,136,23,23,http://localhost:5000/employee/all?row=500,1285,0,2
1698513980399,107,Gin Gonic Http Call,200,OK,Thread Group 1-87,text,true,,181072,136,22,22,http://localhost:6000/employee/all?row=500,78,0,1
1698513980411,98,Gin Gonic Http Call,200,OK,Thread Group 1-88,text,true,,181072,136,22,22,http://localhost:6000/employee/all?row=500,70,0,1
1698513979179,1339,Express Js Http Call,200,OK,Thread Group 1-93,text,true,,187215,136,22,22,http://localhost:5000/employee/all?row=500,1302,0,2
1698513980274,247,Gin Gonic Http Call,200,OK,Thread Group 1-80,text,true,,181072,136,22,22,http://localhost:6000/employee/all?row=500,228,0,2
1698513980424,100,Spring Boot Http Call,200,,Thread Group 1-75,text,true,,171262,136,22,22,http://localhost:7000/employee/all?row=500,66,0,2
1698513980410,115,Spring Boot Http Call,200,,Thread Group 1-84,text,true,,171262,136,22,22,http://localhost:7000/employee/all?row=500,95,0,1
1698513979101,1426,Express Js Http Call,200,OK,Thread Group 1-85,text,true,,187215,136,21,21,http://localhost:5000/employee/all?row=500,1400,0,1
1698513980455,74,Gin Gonic Http Call,200,OK,Thread Group 1-90,text,true,,181072,136,20,20,http://localhost:6000/employee/all?row=500,55,0,1
1698513980282,248,Gin Gonic Http Call,200,OK,Thread Group 1-82,text,true,,181072,136,20,20,http://localhost:6000/employee/all?row=500,219,0,1
1698513980432,103,Spring Boot Http Call,200,,Thread Group 1-76,text,true,,171262,136,20,20,http://localhost:7000/employee/all?row=500,77,0,1
1698513979201,1341,Express Js Http Call,200,OK,Thread Group 1-95,text,true,,187215,136,19,19,http://localhost:5000/employee/all?row=500,1326,0,2
1698513980442,102,Gin Gonic Http Call,200,OK,Thread Group 1-89,text,true,,181072,136,19,19,http://localhost:6000/employee/all?row=500,64,0,2
1698513979189,1356,Express Js Http Call,200,OK,Thread Group 1-94,text,true,,187215,136,19,19,http://localhost:5000/employee/all?row=500,1329,0,1
1698513980474,71,Gin Gonic Http Call,200,OK,Thread Group 1-91,text,true,,181072,136,19,19,http://localhost:6000/employee/all?row=500,55,0,2
1698513980473,75,Spring Boot Http Call,200,,Thread Group 1-86,text,true,,171262,136,19,19,http://localhost:7000/employee/all?row=500,55,0,1
1698513980484,69,Gin Gonic Http Call,200,OK,Thread Group 1-92,text,true,,181072,136,18,18,http://localhost:6000/employee/all?row=500,53,0,2
1698513979210,1346,Express Js Http Call,200,OK,Thread Group 1-96,text,true,,187215,136,18,18,http://localhost:5000/employee/all?row=500,1331,0,1
1698513980484,76,Spring Boot Http Call,200,,Thread Group 1-77,text,true,,171262,136,18,18,http://localhost:7000/employee/all?row=500,54,0,2
1698513980507,59,Spring Boot Http Call,200,,Thread Group 1-87,text,true,,171262,136,17,17,http://localhost:7000/employee/all?row=500,38,0,2
1698513979220,1363,Express Js Http Call,200,OK,Thread Group 1-97,text,true,,187215,136,16,16,http://localhost:5000/employee/all?row=500,1342,0,1
1698513980510,73,Spring Boot Http Call,200,,Thread Group 1-88,text,true,,171262,136,16,16,http://localhost:7000/employee/all?row=500,50,0,1
1698513980519,66,Gin Gonic Http Call,200,OK,Thread Group 1-93,text,true,,181072,136,15,15,http://localhost:6000/employee/all?row=500,41,0,1
1698513979231,1397,Express Js Http Call,200,OK,Thread Group 1-98,text,true,,187215,136,15,15,http://localhost:5000/employee/all?row=500,1353,0,1
1698513980531,103,Spring Boot Http Call,200,,Thread Group 1-82,text,true,,171262,136,15,15,http://localhost:7000/employee/all?row=500,55,0,2
1698513980532,103,Spring Boot Http Call,200,,Thread Group 1-90,text,true,,171262,136,15,15,http://localhost:7000/employee/all?row=500,81,0,2
1698513980523,115,Spring Boot Http Call,200,,Thread Group 1-80,text,true,,171262,136,13,13,http://localhost:7000/employee/all?row=500,69,0,1
1698513980530,109,Gin Gonic Http Call,200,OK,Thread Group 1-85,text,true,,181072,136,13,13,http://localhost:6000/employee/all?row=500,68,0,3
1698513980546,95,Gin Gonic Http Call,200,OK,Thread Group 1-94,text,true,,181072,136,12,12,http://localhost:6000/employee/all?row=500,75,0,1
1698513980545,97,Spring Boot Http Call,200,,Thread Group 1-89,text,true,,171262,136,12,12,http://localhost:7000/employee/all?row=500,53,0,1
1698513979241,1408,Express Js Http Call,200,OK,Thread Group 1-99,text,true,,187215,136,11,11,http://localhost:5000/employee/all?row=500,1373,0,2
1698513979250,1399,Express Js Http Call,200,OK,Thread Group 1-100,text,true,,187215,136,11,11,http://localhost:5000/employee/all?row=500,1385,0,1
1698513980546,112,Spring Boot Http Call,200,,Thread Group 1-91,text,true,,171262,136,11,11,http://localhost:7000/employee/all?row=500,92,0,1
1698513980586,72,Spring Boot Http Call,200,,Thread Group 1-93,text,true,,171262,136,11,11,http://localhost:7000/employee/all?row=500,62,0,2
1698513980554,108,Spring Boot Http Call,200,,Thread Group 1-92,text,true,,171262,136,9,9,http://localhost:7000/employee/all?row=500,93,0,1
1698513980584,78,Gin Gonic Http Call,200,OK,Thread Group 1-97,text,true,,181072,136,9,9,http://localhost:6000/employee/all?row=500,62,0,2
1698513980629,51,Gin Gonic Http Call,200,OK,Thread Group 1-98,text,true,,181072,136,8,8,http://localhost:6000/employee/all?row=500,44,0,1
1698513980642,77,Spring Boot Http Call,200,,Thread Group 1-94,text,true,,171262,136,8,8,http://localhost:7000/employee/all?row=500,60,0,2
1698513980663,56,Spring Boot Http Call,200,,Thread Group 1-97,text,true,,171262,136,8,8,http://localhost:7000/employee/all?row=500,45,0,3
1698513980650,72,Gin Gonic Http Call,200,OK,Thread Group 1-99,text,true,,181072,136,6,6,http://localhost:6000/employee/all?row=500,59,0,1
1698513980640,82,Spring Boot Http Call,200,,Thread Group 1-85,text,true,,171262,136,6,6,http://localhost:7000/employee/all?row=500,71,0,2
1698513980544,179,Gin Gonic Http Call,200,OK,Thread Group 1-95,text,true,,181072,136,5,5,http://localhost:6000/employee/all?row=500,168,0,2
1698513980681,46,Spring Boot Http Call,200,,Thread Group 1-98,text,true,,171262,136,5,5,http://localhost:7000/employee/all?row=500,34,0,2
1698513980557,175,Gin Gonic Http Call,200,OK,Thread Group 1-96,text,true,,181072,136,4,4,http://localhost:6000/employee/all?row=500,170,0,2
1698513980726,24,Spring Boot Http Call,200,,Thread Group 1-95,text,true,,171262,136,4,4,http://localhost:7000/employee/all?row=500,20,0,1
1698513980723,29,Spring Boot Http Call,200,,Thread Group 1-99,text,true,,171262,136,3,3,http://localhost:7000/employee/all?row=500,23,0,2
1698513980733,21,Spring Boot Http Call,200,,Thread Group 1-96,text,true,,171262,136,2,2,http://localhost:7000/employee/all?row=500,16,0,1
1698513980650,118,Gin Gonic Http Call,200,OK,Thread Group 1-100,text,true,,181072,136,1,1,http://localhost:6000/employee/all?row=500,116,0,1
1698513980769,14,Spring Boot Http Call,200,,Thread Group 1-100,text,true,,171262,136,1,1,http://localhost:7000/employee/all?row=500,12,0,1
